name,label,medium,device
button/0000.jpg,button,paper,pen
button/0001.jpg,button,digital,stylus
button/0002.jpg,button,digital,stylus
button/0003.jpg,button,digital,stylus
button/0004.jpg,button,digital,stylus
button/0005.jpg,button,digital,stylus
button/0006.jpg,button,digital,stylus
button/0007.jpg,button,digital,stylus
button/0008.jpg,button,digital,stylus
button/0009.jpg,button,digital,stylus
button/0010.jpg,button,digital,stylus
button/0011.jpg,button,digital,stylus
button/0012.jpg,button,digital,stylus
button/0013.jpg,button,digital,stylus
button/0014.jpg,button,digital,stylus
button/0015.jpg,button,digital,stylus
button/0016.jpg,button,paper,pencil
button/0017.jpg,button,digital,stylus
button/0018.jpg,button,digital,stylus
button/0019.jpg,button,digital,stylus
button/0020.jpg,button,digital,stylus
button/0021.jpg,button,digital,stylus
button/0022.jpg,button,digital,stylus
button/0023.jpg,button,digital,stylus
button/0024.jpg,button,digital,stylus
button/0025.jpg,button,paper,pencil
button/0026.jpg,button,paper,pen
button/0027.jpg,button,paper,pen
button/0028.jpg,button,digital,stylus
button/0029.jpg,button,digital,stylus
button/0030.jpg,button,digital,stylus
button/0031.jpg,button,digital,stylus
button/0032.jpg,button,digital,stylus
button/0033.jpg,button,paper,pencil
button/0034.jpg,button,paper,pen
button/0035.jpg,button,digital,stylus
button/0036.jpg,button,digital,stylus
button/0037.jpg,button,paper,pen
button/0038.jpg,button,digital,stylus
button/0039.jpg,button,paper,pen
button/0040.jpg,button,digital,stylus
button/0041.jpg,button,paper,pen
button/0042.jpg,button,digital,stylus
button/0043.jpg,button,digital,stylus
button/0044.jpg,button,digital,stylus
button/0045.jpg,button,digital,stylus
button/0046.jpg,button,paper,pencil
button/0047.jpg,button,digital,stylus
button/0048.jpg,button,paper,pen
button/0049.jpg,button,digital,stylus
button/0050.jpg,button,paper,pen
button/0051.jpg,button,digital,stylus
button/0052.jpg,button,digital,stylus
button/0053.jpg,button,digital,stylus
button/0054.jpg,button,paper,pencil
button/0055.jpg,button,digital,stylus
button/0056.jpg,button,digital,stylus
button/0057.jpg,button,digital,stylus
button/0058.jpg,button,digital,stylus
button/0059.jpg,button,digital,stylus
button/0060.jpg,button,digital,stylus
button/0061.jpg,button,paper,pen
button/0062.jpg,button,digital,stylus
button/0063.jpg,button,digital,stylus
button/0064.jpg,button,paper,pencil
button/0065.jpg,button,paper,pencil
button/0066.jpg,button,digital,stylus
button/0067.jpg,button,digital,stylus
button/0068.jpg,button,paper,pen
button/0069.jpg,button,digital,stylus
button/0070.jpg,button,paper,pen
button/0071.jpg,button,paper,pen
button/0072.jpg,button,digital,stylus
button/0073.jpg,button,digital,stylus
button/0074.jpg,button,paper,pen
button/0075.jpg,button,digital,stylus
button/0076.jpg,button,digital,stylus
button/0077.jpg,button,digital,stylus
button/0078.jpg,button,digital,stylus
button/0079.jpg,button,paper,pen
button/0080.jpg,button,digital,stylus
button/0081.jpg,button,digital,stylus
button/0082.jpg,button,digital,stylus
button/0083.jpg,button,digital,stylus
button/0084.jpg,button,digital,stylus
button/0085.jpg,button,digital,stylus
button/0086.jpg,button,paper,pen
button/0087.jpg,button,digital,stylus
button/0088.jpg,button,digital,stylus
button/0089.jpg,button,digital,stylus
button/0090.jpg,button,digital,stylus
button/0091.jpg,button,paper,pen
button/0092.jpg,button,digital,stylus
button/0093.jpg,button,paper,pen
button/0094.jpg,button,digital,stylus
button/0095.jpg,button,paper,pencil
button/0096.jpg,button,paper,pen
button/0097.jpg,button,digital,stylus
button/0098.jpg,button,digital,stylus
button/0099.jpg,button,digital,stylus
button/0100.jpg,button,paper,pencil
button/0101.jpg,button,digital,stylus
button/0102.jpg,button,digital,stylus
button/0103.jpg,button,digital,stylus
button/0104.jpg,button,paper,pen
button/0105.jpg,button,digital,stylus
button/0106.jpg,button,paper,pen
button/0107.jpg,button,paper,pen
button/0108.jpg,button,digital,stylus
button/0109.jpg,button,digital,stylus
button/0110.jpg,button,paper,pencil
button/0111.jpg,button,digital,stylus
button/0112.jpg,button,digital,stylus
button/0113.jpg,button,digital,stylus
button/0114.jpg,button,paper,pen
button/0115.jpg,button,digital,stylus
button/0116.jpg,button,paper,pen
button/0117.jpg,button,digital,stylus
button/0118.jpg,button,digital,stylus
button/0119.jpg,button,digital,stylus
button/0120.jpg,button,paper,pen
button/0121.jpg,button,digital,stylus
button/0122.jpg,button,digital,stylus
button/0123.jpg,button,digital,stylus
button/0124.jpg,button,digital,stylus
button/0125.jpg,button,paper,pencil
button/0126.jpg,button,digital,stylus
button/0127.jpg,button,digital,stylus
button/0128.jpg,button,paper,pen
button/0129.jpg,button,paper,pen
button/0130.jpg,button,paper,pen
button/0131.jpg,button,paper,pen
button/0132.jpg,button,paper,pencil
button/0133.jpg,button,digital,stylus
button/0134.jpg,button,paper,pen
button/0135.jpg,button,paper,pen
button/0136.jpg,button,digital,stylus
button/0137.jpg,button,digital,stylus
button/0138.jpg,button,digital,stylus
button/0139.jpg,button,digital,stylus
button/0140.jpg,button,digital,stylus
button/0141.jpg,button,paper,pen
button/0142.jpg,button,paper,pencil
button/0143.jpg,button,digital,stylus
button/0144.jpg,button,paper,pencil
button/0145.jpg,button,digital,stylus
button/0146.jpg,button,digital,stylus
button/0147.jpg,button,paper,pen
button/0148.jpg,button,digital,stylus
button/0149.jpg,button,paper,pencil
button/0150.jpg,button,paper,pen
button/0151.jpg,button,digital,stylus
button/0152.jpg,button,digital,stylus
button/0153.jpg,button,digital,stylus
button/0154.jpg,button,digital,stylus
button/0155.jpg,button,paper,pen
button/0156.jpg,button,digital,stylus
button/0157.jpg,button,paper,pen
button/0158.jpg,button,digital,stylus
button/0159.jpg,button,paper,pen
button/0160.jpg,button,digital,stylus
button/0161.jpg,button,digital,stylus
button/0162.jpg,button,digital,stylus
button/0163.jpg,button,digital,stylus
button/0164.jpg,button,digital,stylus
button/0165.jpg,button,digital,stylus
button/0166.jpg,button,paper,pencil
button/0167.jpg,button,paper,pencil
button/0168.jpg,button,digital,stylus
button/0169.jpg,button,digital,stylus
button/0170.jpg,button,digital,stylus
button/0171.jpg,button,digital,stylus
button/0172.jpg,button,digital,stylus
button/0173.jpg,button,digital,stylus
button/0174.jpg,button,digital,stylus
button/0175.jpg,button,paper,pen
button/0176.jpg,button,digital,stylus
button/0177.jpg,button,digital,stylus
button/0178.jpg,button,paper,pen
button/0179.jpg,button,paper,pen
button/0180.jpg,button,digital,stylus
button/0181.jpg,button,digital,stylus
button/0182.jpg,button,digital,stylus
button/0183.jpg,button,digital,stylus
button/0184.jpg,button,paper,pen
button/0185.jpg,button,digital,stylus
button/0186.jpg,button,paper,pen
button/0187.jpg,button,digital,stylus
button/0188.jpg,button,digital,stylus
button/0189.jpg,button,digital,stylus
button/0190.jpg,button,digital,stylus
button/0191.jpg,button,paper,pen
button/0192.jpg,button,paper,pencil
button/0193.jpg,button,paper,pen
button/0194.jpg,button,digital,stylus
button/0195.jpg,button,digital,stylus
button/0196.jpg,button,paper,pen
button/0197.jpg,button,digital,stylus
button/0198.jpg,button,digital,stylus
button/0199.jpg,button,digital,stylus
button/0200.jpg,button,digital,stylus
button/0201.jpg,button,digital,stylus
button/0202.jpg,button,digital,stylus
button/0203.jpg,button,digital,stylus
button/0204.jpg,button,digital,stylus
button/0205.jpg,button,digital,stylus
button/0206.jpg,button,digital,stylus
button/0207.jpg,button,digital,stylus
button/0208.jpg,button,digital,stylus
button/0209.jpg,button,paper,pen
button/0210.jpg,button,digital,stylus
button/0211.jpg,button,paper,pen
button/0212.jpg,button,digital,stylus
button/0213.jpg,button,digital,stylus
button/0214.jpg,button,digital,stylus
button/0215.jpg,button,digital,stylus
button/0216.jpg,button,digital,stylus
button/0217.jpg,button,paper,pencil
button/0218.jpg,button,paper,pencil
button/0219.jpg,button,digital,stylus
button/0220.jpg,button,paper,pen
button/0221.jpg,button,digital,stylus
button/0222.jpg,button,digital,stylus
button/0223.jpg,button,paper,pencil
button/0224.jpg,button,paper,pen
button/0225.jpg,button,digital,stylus
button/0226.jpg,button,digital,stylus
button/0227.jpg,button,digital,stylus
button/0228.jpg,button,paper,pen
button/0229.jpg,button,digital,stylus
button/0230.jpg,button,digital,stylus
button/0231.jpg,button,paper,pen
button/0232.jpg,button,digital,stylus
button/0233.jpg,button,digital,stylus
button/0234.jpg,button,paper,pen
button/0235.jpg,button,digital,stylus
button/0236.jpg,button,paper,pen
button/0237.jpg,button,digital,stylus
button/0238.jpg,button,digital,stylus
button/0239.jpg,button,paper,pen
button/0240.jpg,button,paper,pen
button/0241.jpg,button,digital,stylus
button/0242.jpg,button,paper,pen
button/0243.jpg,button,digital,stylus
button/0244.jpg,button,digital,stylus
button/0245.jpg,button,digital,stylus
button/0246.jpg,button,paper,pen
button/0247.jpg,button,digital,stylus
button/0248.jpg,button,digital,stylus
button/0249.jpg,button,digital,stylus
button/0250.jpg,button,paper,pen
button/0251.jpg,button,digital,stylus
button/0252.jpg,button,digital,stylus
button/0253.jpg,button,paper,pencil
button/0254.jpg,button,digital,stylus
button/0255.jpg,button,paper,pen
button/0256.jpg,button,digital,stylus
button/0257.jpg,button,paper,pen
button/0258.jpg,button,paper,pen
button/0259.jpg,button,digital,stylus
button/0260.jpg,button,paper,pen
button/0261.jpg,button,digital,stylus
button/0262.jpg,button,digital,stylus
button/0263.jpg,button,digital,stylus
button/0264.jpg,button,paper,pencil
button/0265.jpg,button,paper,pen
button/0266.jpg,button,digital,stylus
button/0267.jpg,button,digital,stylus
button/0268.jpg,button,digital,stylus
button/0269.jpg,button,digital,stylus
button/0270.jpg,button,paper,pen
button/0271.jpg,button,paper,pen
button/0272.jpg,button,digital,stylus
button/0273.jpg,button,paper,pen
button/0274.jpg,button,paper,pen
button/0275.jpg,button,digital,stylus
button/0276.jpg,button,digital,stylus
button/0277.jpg,button,paper,pen
button/0278.jpg,button,paper,pen
button/0279.jpg,button,digital,stylus
button/0280.jpg,button,paper,pen
button/0281.jpg,button,paper,pen
button/0282.jpg,button,paper,pen
button/0283.jpg,button,paper,pen
button/0284.jpg,button,digital,stylus
button/0285.jpg,button,digital,stylus
button/0286.jpg,button,paper,pen
button/0287.jpg,button,digital,stylus
button/0288.jpg,button,digital,stylus
button/0289.jpg,button,digital,stylus
button/0290.jpg,button,digital,stylus
button/0291.jpg,button,digital,stylus
button/0292.jpg,button,digital,stylus
button/0293.jpg,button,digital,stylus
button/0294.jpg,button,paper,pen
button/0295.jpg,button,digital,stylus
button/0296.jpg,button,paper,pen
button/0297.jpg,button,digital,stylus
button/0298.jpg,button,digital,stylus
button/0299.jpg,button,digital,stylus
button/0300.jpg,button,digital,stylus
button/0301.jpg,button,digital,stylus
button/0302.jpg,button,paper,pen
button/0303.jpg,button,digital,stylus
button/0304.jpg,button,paper,pen
button/0305.jpg,button,digital,stylus
button/0306.jpg,button,paper,pen
button/0307.jpg,button,digital,stylus
button/0308.jpg,button,digital,stylus
button/0309.jpg,button,paper,pen
button/0310.jpg,button,digital,stylus
button/0311.jpg,button,digital,stylus
button/0312.jpg,button,digital,stylus
button/0313.jpg,button,digital,stylus
button/0314.jpg,button,digital,stylus
button/0315.jpg,button,paper,pencil
button/0316.jpg,button,digital,stylus
button/0317.jpg,button,digital,stylus
button/0318.jpg,button,paper,pencil
button/0319.jpg,button,digital,stylus
button/0320.jpg,button,paper,pen
button/0321.jpg,button,paper,pencil
button/0322.jpg,button,digital,stylus
button/0323.jpg,button,digital,stylus
button/0324.jpg,button,digital,stylus
button/0325.jpg,button,digital,stylus
button/0326.jpg,button,digital,stylus
button/0327.jpg,button,paper,pen
button/0328.jpg,button,digital,stylus
button/0329.jpg,button,digital,stylus
button/0330.jpg,button,paper,pen
button/0331.jpg,button,paper,pencil
button/0332.jpg,button,paper,pen
button/0333.jpg,button,digital,stylus
button/0334.jpg,button,digital,stylus
button/0335.jpg,button,digital,stylus
button/0336.jpg,button,digital,stylus
button/0337.jpg,button,digital,stylus
button/0338.jpg,button,paper,pen
button/0339.jpg,button,paper,pen
button/0340.jpg,button,paper,pencil
button/0341.jpg,button,digital,stylus
button/0342.jpg,button,digital,stylus
button/0343.jpg,button,digital,stylus
button/0344.jpg,button,digital,stylus
button/0345.jpg,button,digital,stylus
button/0346.jpg,button,digital,stylus
button/0347.jpg,button,digital,stylus
button/0348.jpg,button,paper,pen
button/0349.jpg,button,digital,stylus
button/0350.jpg,button,paper,pen
button/0351.jpg,button,digital,stylus
button/0352.jpg,button,digital,stylus
button/0353.jpg,button,paper,pencil
button/0354.jpg,button,digital,stylus
button/0355.jpg,button,digital,stylus
button/0356.jpg,button,digital,stylus
button/0357.jpg,button,digital,stylus
button/0358.jpg,button,paper,pen
button/0359.jpg,button,digital,stylus
button/0360.jpg,button,paper,pencil
button/0361.jpg,button,digital,stylus
button/0362.jpg,button,digital,stylus
button/0363.jpg,button,paper,pen
button/0364.jpg,button,digital,stylus
button/0365.jpg,button,paper,pencil
button/0366.jpg,button,digital,stylus
button/0367.jpg,button,paper,pen
button/0368.jpg,button,paper,pencil
button/0369.jpg,button,digital,stylus
button/0370.jpg,button,paper,pencil
button/0371.jpg,button,paper,pen
button/0372.jpg,button,digital,stylus
button/0373.jpg,button,digital,stylus
button/0374.jpg,button,paper,pen
button/0375.jpg,button,digital,stylus
button/0376.jpg,button,digital,stylus
button/0377.jpg,button,digital,stylus
button/0378.jpg,button,paper,pen
button/0379.jpg,button,paper,pen
button/0380.jpg,button,digital,stylus
button/0381.jpg,button,paper,pencil
button/0382.jpg,button,digital,stylus
button/0383.jpg,button,paper,pencil
button/0384.jpg,button,digital,stylus
button/0385.jpg,button,digital,stylus
button/0386.jpg,button,paper,pencil
button/0387.jpg,button,digital,stylus
button/0388.jpg,button,digital,stylus
button/0389.jpg,button,digital,stylus
button/0390.jpg,button,digital,stylus
button/0391.jpg,button,digital,stylus
button/0392.jpg,button,digital,stylus
button/0393.jpg,button,digital,stylus
button/0394.jpg,button,digital,stylus
button/0395.jpg,button,paper,pen
button/0396.jpg,button,paper,pen
button/0397.jpg,button,digital,stylus
button/0398.jpg,button,digital,stylus
button/0399.jpg,button,digital,stylus
button/0400.jpg,button,digital,stylus
button/0401.jpg,button,digital,stylus
button/0402.jpg,button,digital,stylus
button/0403.jpg,button,digital,stylus
button/0404.jpg,button,digital,stylus
button/0405.jpg,button,paper,pen
button/0406.jpg,button,digital,stylus
button/0407.jpg,button,paper,pen
button/0408.jpg,button,digital,stylus
button/0409.jpg,button,digital,stylus
button/0410.jpg,button,digital,stylus
button/0411.jpg,button,paper,pencil
button/0412.jpg,button,digital,stylus
button/0413.jpg,button,digital,stylus
button/0414.jpg,button,digital,stylus
button/0415.jpg,button,paper,pen
button/0416.jpg,button,paper,pen
button/0417.jpg,button,digital,stylus
button/0418.jpg,button,digital,stylus
button/0419.jpg,button,paper,pen
button/0420.jpg,button,digital,stylus
button/0421.jpg,button,digital,stylus
button/0422.jpg,button,digital,stylus
button/0423.jpg,button,digital,stylus
button/0424.jpg,button,digital,stylus
button/0425.jpg,button,digital,stylus
button/0426.jpg,button,paper,pen
button/0427.jpg,button,paper,pen
button/0428.jpg,button,digital,stylus
button/0429.jpg,button,paper,pencil
button/0430.jpg,button,digital,stylus
button/0431.jpg,button,paper,pencil
button/0432.jpg,button,paper,pen
button/0433.jpg,button,paper,pencil
button/0434.jpg,button,digital,stylus
button/0435.jpg,button,digital,stylus
button/0436.jpg,button,digital,stylus
button/0437.jpg,button,paper,pencil
button/0438.jpg,button,digital,stylus
button/0439.jpg,button,digital,stylus
button/0440.jpg,button,paper,pen
button/0441.jpg,button,digital,stylus
button/0442.jpg,button,digital,stylus
button/0443.jpg,button,digital,stylus
button/0444.jpg,button,digital,stylus
button/0445.jpg,button,digital,stylus
button/0446.jpg,button,paper,pencil
button/0447.jpg,button,paper,pen
button/0448.jpg,button,digital,stylus
button/0449.jpg,button,digital,stylus
button/0450.jpg,button,digital,stylus
button/0451.jpg,button,digital,stylus
button/0452.jpg,button,digital,stylus
button/0453.jpg,button,digital,stylus
button/0454.jpg,button,paper,pen
button/0455.jpg,button,digital,stylus
button/0456.jpg,button,digital,stylus
button/0457.jpg,button,digital,stylus
button/0458.jpg,button,digital,stylus
button/0459.jpg,button,digital,stylus
button/0460.jpg,button,digital,stylus
button/0461.jpg,button,paper,pen
button/0462.jpg,button,digital,stylus
button/0463.jpg,button,digital,stylus
button/0464.jpg,button,digital,stylus
button/0465.jpg,button,digital,stylus
button/0466.jpg,button,digital,stylus
button/0467.jpg,button,digital,stylus
button/0468.jpg,button,paper,pen
button/0469.jpg,button,digital,stylus
button/0470.jpg,button,paper,pen
button/0471.jpg,button,digital,stylus
button/0472.jpg,button,digital,stylus
button/0473.jpg,button,digital,stylus
button/0474.jpg,button,digital,stylus
button/0475.jpg,button,digital,stylus
button/0476.jpg,button,digital,stylus
button/0477.jpg,button,paper,pencil
button/0478.jpg,button,digital,stylus
button/0479.jpg,button,digital,stylus
button/0480.jpg,button,paper,pen
button/0481.jpg,button,digital,stylus
button/0482.jpg,button,digital,stylus
button/0483.jpg,button,digital,stylus
button/0484.jpg,button,digital,stylus
button/0485.jpg,button,digital,stylus
button/0486.jpg,button,digital,stylus
button/0487.jpg,button,digital,stylus
button/0488.jpg,button,digital,stylus
button/0489.jpg,button,digital,stylus
button/0490.jpg,button,paper,pen
button/0491.jpg,button,digital,stylus
button/0492.jpg,button,digital,stylus
button/0493.jpg,button,digital,stylus
button/0494.jpg,button,digital,stylus
button/0495.jpg,button,paper,pen
button/0496.jpg,button,digital,stylus
button/0497.jpg,button,digital,stylus
button/0498.jpg,button,digital,stylus
button/0499.jpg,button,paper,pencil
button/0500.jpg,button,digital,stylus
button/0501.jpg,button,digital,stylus
button/0502.jpg,button,digital,stylus
button/0503.jpg,button,paper,pencil
button/0504.jpg,button,paper,pencil
button/0505.jpg,button,digital,stylus
button/0506.jpg,button,paper,pen
button/0507.jpg,button,paper,pen
button/0508.jpg,button,digital,stylus
button/0509.jpg,button,digital,stylus
button/0510.jpg,button,digital,stylus
button/0511.jpg,button,digital,stylus
button/0512.jpg,button,digital,stylus
button/0513.jpg,button,digital,stylus
button/0514.jpg,button,digital,stylus
button/0515.jpg,button,digital,stylus
button/0516.jpg,button,paper,pen
button/0517.jpg,button,digital,stylus
button/0518.jpg,button,paper,pen
button/0519.jpg,button,paper,pen
button/0520.jpg,button,paper,pen
button/0521.jpg,button,digital,stylus
button/0522.jpg,button,paper,pen
button/0523.jpg,button,digital,stylus
button/0524.jpg,button,digital,stylus
button/0525.jpg,button,digital,stylus
button/0526.jpg,button,digital,stylus
button/0527.jpg,button,digital,stylus
button/0528.jpg,button,digital,stylus
button/0529.jpg,button,paper,pencil
button/0530.jpg,button,paper,pen
button/0531.jpg,button,paper,pen
button/0532.jpg,button,digital,stylus
button/0533.jpg,button,digital,stylus
button/0534.jpg,button,digital,stylus
button/0535.jpg,button,paper,pen
button/0536.jpg,button,digital,stylus
button/0537.jpg,button,paper,pen
button/0538.jpg,button,paper,pencil
button/0539.jpg,button,digital,stylus
button/0540.jpg,button,digital,stylus
button/0541.jpg,button,digital,stylus
button/0542.jpg,button,paper,pen
button/0543.jpg,button,digital,stylus
button/0544.jpg,button,digital,stylus
button/0545.jpg,button,paper,pen
button/0546.jpg,button,digital,stylus
button/0547.jpg,button,digital,stylus
button/0548.jpg,button,digital,stylus
button/0549.jpg,button,digital,stylus
button/0550.jpg,button,digital,stylus
button/0551.jpg,button,paper,pen
button/0552.jpg,button,digital,stylus
button/0553.jpg,button,digital,stylus
button/0554.jpg,button,digital,stylus
button/0555.jpg,button,digital,stylus
button/0556.jpg,button,paper,pen
button/0557.jpg,button,digital,stylus
button/0558.jpg,button,digital,stylus
button/0559.jpg,button,paper,pen
button/0560.jpg,button,paper,pen
button/0561.jpg,button,digital,stylus
button/0562.jpg,button,digital,stylus
button/0563.jpg,button,digital,stylus
button/0564.jpg,button,digital,stylus
button/0565.jpg,button,digital,stylus
button/0566.jpg,button,paper,pen
button/0567.jpg,button,digital,stylus
button/0568.jpg,button,digital,stylus
button/0569.jpg,button,digital,stylus
button/0570.jpg,button,paper,pen
button/0571.jpg,button,digital,stylus
button/0572.jpg,button,digital,stylus
button/0573.jpg,button,paper,pencil
button/0574.jpg,button,digital,stylus
button/0575.jpg,button,paper,pen
button/0576.jpg,button,paper,pen
button/0577.jpg,button,digital,stylus
button/0578.jpg,button,digital,stylus
button/0579.jpg,button,paper,pen
button/0580.jpg,button,digital,stylus
button/0581.jpg,button,digital,stylus
button/0582.jpg,button,digital,stylus
button/0583.jpg,button,digital,stylus
button/0584.jpg,button,digital,stylus
button/0585.jpg,button,digital,stylus
button/0586.jpg,button,paper,pen
button/0587.jpg,button,digital,stylus
button/0588.jpg,button,digital,stylus
button/0589.jpg,button,digital,stylus
button/0590.jpg,button,digital,stylus
button/0591.jpg,button,digital,stylus
button/0592.jpg,button,digital,stylus
button/0593.jpg,button,digital,stylus
button/0594.jpg,button,paper,pen
button/0595.jpg,button,digital,stylus
button/0596.jpg,button,digital,stylus
button/0597.jpg,button,paper,pen
button/0598.jpg,button,digital,stylus
button/0599.jpg,button,digital,stylus
button/0600.jpg,button,paper,pencil
button/0601.jpg,button,digital,stylus
button/0602.jpg,button,paper,pen
button/0603.jpg,button,digital,stylus
button/0604.jpg,button,digital,stylus
button/0605.jpg,button,digital,stylus
button/0606.jpg,button,digital,stylus
button/0607.jpg,button,digital,stylus
button/0608.jpg,button,digital,stylus
button/0609.jpg,button,digital,stylus
button/0610.jpg,button,digital,stylus
button/0611.jpg,button,paper,pen
button/0612.jpg,button,paper,pen
button/0613.jpg,button,digital,stylus
button/0614.jpg,button,digital,stylus
button/0615.jpg,button,digital,stylus
button/0616.jpg,button,digital,stylus
button/0617.jpg,button,digital,stylus
button/0618.jpg,button,digital,stylus
button/0619.jpg,button,paper,pen
button/0620.jpg,button,digital,stylus
button/0621.jpg,button,digital,stylus
button/0622.jpg,button,digital,stylus
button/0623.jpg,button,digital,stylus
button/0624.jpg,button,paper,pen
button/0625.jpg,button,paper,pen
button/0626.jpg,button,digital,stylus
button/0627.jpg,button,digital,stylus
button/0628.jpg,button,digital,stylus
button/0629.jpg,button,digital,stylus
button/0630.jpg,button,digital,stylus
button/0631.jpg,button,paper,pen
button/0632.jpg,button,digital,stylus
button/0633.jpg,button,digital,stylus
button/0634.jpg,button,digital,stylus
button/0635.jpg,button,paper,pen
button/0636.jpg,button,digital,stylus
button/0637.jpg,button,digital,stylus
button/0638.jpg,button,digital,stylus
button/0639.jpg,button,digital,stylus
button/0640.jpg,button,digital,stylus
button/0641.jpg,button,digital,stylus
button/0642.jpg,button,digital,stylus
button/0643.jpg,button,digital,stylus
button/0644.jpg,button,digital,stylus
button/0645.jpg,button,digital,stylus
button/0646.jpg,button,digital,stylus
button/0647.jpg,button,paper,pen
button/0648.jpg,button,paper,pen
button/0649.jpg,button,paper,pencil
button/0650.jpg,button,digital,stylus
button/0651.jpg,button,paper,pen
button/0652.jpg,button,digital,stylus
button/0653.jpg,button,digital,stylus
button/0654.jpg,button,digital,stylus
button/0655.jpg,button,digital,stylus
button/0656.jpg,button,paper,pencil
button/0657.jpg,button,digital,stylus
button/0658.jpg,button,digital,stylus
button/0659.jpg,button,digital,stylus
button/0660.jpg,button,paper,pen
button/0661.jpg,button,paper,pen
button/0662.jpg,button,digital,stylus
button/0663.jpg,button,digital,stylus
button/0664.jpg,button,digital,stylus
button/0665.jpg,button,digital,stylus
button/0666.jpg,button,digital,stylus
button/0667.jpg,button,digital,stylus
button/0668.jpg,button,paper,pencil
button/0669.jpg,button,digital,stylus
button/0670.jpg,button,digital,stylus
button/0671.jpg,button,digital,stylus
button/0672.jpg,button,digital,stylus
button/0673.jpg,button,digital,stylus
button/0674.jpg,button,digital,stylus
button/0675.jpg,button,digital,stylus
button/0676.jpg,button,digital,stylus
button/0677.jpg,button,digital,stylus
button/0678.jpg,button,paper,pen
button/0679.jpg,button,digital,stylus
button/0680.jpg,button,digital,stylus
button/0681.jpg,button,paper,pen
button/0682.jpg,button,paper,pencil
button/0683.jpg,button,digital,stylus
button/0684.jpg,button,digital,stylus
button/0685.jpg,button,digital,stylus
button/0686.jpg,button,digital,stylus
button/0687.jpg,button,digital,stylus
button/0688.jpg,button,digital,stylus
button/0689.jpg,button,paper,pen
button/0690.jpg,button,paper,pen
button/0691.jpg,button,digital,stylus
button/0692.jpg,button,digital,stylus
button/0693.jpg,button,paper,pen
button/0694.jpg,button,digital,stylus
button/0695.jpg,button,paper,pen
button/0696.jpg,button,digital,stylus
button/0697.jpg,button,digital,stylus
button/0698.jpg,button,digital,stylus
button/0699.jpg,button,digital,stylus
button/0700.jpg,button,digital,stylus
button/0701.jpg,button,digital,stylus
button/0702.jpg,button,paper,pen
button/0703.jpg,button,digital,stylus
button/0704.jpg,button,paper,pen
button/0705.jpg,button,digital,stylus
button/0706.jpg,button,paper,pen
button/0707.jpg,button,digital,stylus
button/0708.jpg,button,paper,pen
button/0709.jpg,button,digital,stylus
button/0710.jpg,button,paper,pencil
button/0711.jpg,button,digital,stylus
button/0712.jpg,button,digital,stylus
button/0713.jpg,button,digital,stylus
button/0714.jpg,button,digital,stylus
button/0715.jpg,button,paper,pen
button/0716.jpg,button,digital,stylus
button/0717.jpg,button,paper,pencil
button/0718.jpg,button,digital,stylus
button/0719.jpg,button,digital,stylus
button/0720.jpg,button,paper,pen
button/0721.jpg,button,digital,stylus
button/0722.jpg,button,digital,stylus
button/0723.jpg,button,digital,stylus
button/0724.jpg,button,digital,stylus
button/0725.jpg,button,paper,pen
button/0726.jpg,button,digital,stylus
button/0727.jpg,button,digital,stylus
button/0728.jpg,button,paper,pen
button/0729.jpg,button,digital,stylus
button/0730.jpg,button,digital,stylus
button/0731.jpg,button,digital,stylus
button/0732.jpg,button,paper,pen
button/0733.jpg,button,paper,pen
button/0734.jpg,button,digital,stylus
button/0735.jpg,button,digital,stylus
button/0736.jpg,button,digital,stylus
button/0737.jpg,button,paper,pen
button/0738.jpg,button,digital,stylus
button/0739.jpg,button,digital,stylus
button/0740.jpg,button,digital,stylus
button/0741.jpg,button,paper,pen
button/0742.jpg,button,digital,stylus
button/0743.jpg,button,digital,stylus
button/0744.jpg,button,digital,stylus
button/0745.jpg,button,paper,pencil
button/0746.jpg,button,digital,stylus
button/0747.jpg,button,paper,pen
button/0748.jpg,button,digital,stylus
button/0749.jpg,button,digital,stylus
button/0750.jpg,button,paper,pen
button/0751.jpg,button,digital,stylus
button/0752.jpg,button,digital,stylus
button/0753.jpg,button,digital,stylus
button/0754.jpg,button,digital,stylus
button/0755.jpg,button,digital,stylus
button/0756.jpg,button,digital,stylus
button/0757.jpg,button,digital,stylus
button/0758.jpg,button,digital,stylus
button/0759.jpg,button,paper,pencil
button/0760.jpg,button,digital,stylus
button/0761.jpg,button,digital,stylus
button/0762.jpg,button,digital,stylus
button/0763.jpg,button,digital,stylus
button/0764.jpg,button,digital,stylus
button/0765.jpg,button,paper,pen
button/0766.jpg,button,paper,pen
button/0767.jpg,button,digital,stylus
button/0768.jpg,button,digital,stylus
button/0769.jpg,button,digital,stylus
button/0770.jpg,button,paper,pen
button/0771.jpg,button,digital,stylus
button/0772.jpg,button,digital,stylus
button/0773.jpg,button,digital,stylus
button/0774.jpg,button,paper,pen
button/0775.jpg,button,digital,stylus
button/0776.jpg,button,digital,stylus
button/0777.jpg,button,digital,stylus
button/0778.jpg,button,digital,stylus
button/0779.jpg,button,paper,pen
button/0780.jpg,button,digital,stylus
button/0781.jpg,button,paper,pencil
button/0782.jpg,button,paper,pen
button/0783.jpg,button,digital,stylus
button/0784.jpg,button,digital,stylus
button/0785.jpg,button,digital,stylus
button/0786.jpg,button,digital,stylus
button/0787.jpg,button,paper,pencil
button/0788.jpg,button,digital,stylus
button/0789.jpg,button,digital,stylus
button/0790.jpg,button,digital,stylus
button/0791.jpg,button,paper,pen
button/0792.jpg,button,digital,stylus
button/0793.jpg,button,paper,pencil
button/0794.jpg,button,paper,pencil
button/0795.jpg,button,digital,stylus
button/0796.jpg,button,digital,stylus
button/0797.jpg,button,paper,pen
button/0798.jpg,button,paper,pen
button/0799.jpg,button,paper,pen
button/0800.jpg,button,digital,stylus
button/0801.jpg,button,digital,stylus
button/0802.jpg,button,digital,stylus
button/0803.jpg,button,paper,pen
button/0804.jpg,button,digital,stylus
button/0805.jpg,button,paper,pencil
button/0806.jpg,button,paper,pen
button/0807.jpg,button,digital,stylus
button/0808.jpg,button,paper,pen
button/0809.jpg,button,paper,pen
button/0810.jpg,button,digital,stylus
button/0811.jpg,button,paper,pen
button/0812.jpg,button,digital,stylus
button/0813.jpg,button,digital,stylus
button/0814.jpg,button,digital,stylus
button/0815.jpg,button,digital,stylus
button/0816.jpg,button,digital,stylus
button/0817.jpg,button,digital,stylus
button/0818.jpg,button,digital,stylus
button/0819.jpg,button,digital,stylus
button/0820.jpg,button,paper,pen
button/0821.jpg,button,paper,pen
button/0822.jpg,button,digital,stylus
button/0823.jpg,button,digital,stylus
button/0824.jpg,button,digital,stylus
button/0825.jpg,button,digital,stylus
button/0826.jpg,button,paper,pencil
button/0827.jpg,button,digital,stylus
button/0828.jpg,button,digital,stylus
button/0829.jpg,button,paper,pen
button/0830.jpg,button,paper,pen
button/0831.jpg,button,digital,stylus
button/0832.jpg,button,digital,stylus
button/0833.jpg,button,digital,stylus
button/0834.jpg,button,digital,stylus
button/0835.jpg,button,digital,stylus
button/0836.jpg,button,digital,stylus
button/0837.jpg,button,digital,stylus
button/0838.jpg,button,digital,stylus
button/0839.jpg,button,digital,stylus
button/0840.jpg,button,digital,stylus
button/0841.jpg,button,digital,stylus
button/0842.jpg,button,digital,stylus
button/0843.jpg,button,digital,stylus
button/0844.jpg,button,digital,stylus
button/0845.jpg,button,digital,stylus
button/0846.jpg,button,paper,pen
button/0847.jpg,button,digital,stylus
button/0848.jpg,button,digital,stylus
button/0849.jpg,button,digital,stylus
button/0850.jpg,button,paper,pencil
button/0851.jpg,button,digital,stylus
button/0852.jpg,button,digital,stylus
button/0853.jpg,button,digital,stylus
button/0854.jpg,button,digital,stylus
button/0855.jpg,button,digital,stylus
button/0856.jpg,button,paper,pen
button/0857.jpg,button,digital,stylus
button/0858.jpg,button,digital,stylus
button/0859.jpg,button,paper,pen
button/0860.jpg,button,digital,stylus
button/0861.jpg,button,paper,pen
button/0862.jpg,button,paper,pen
button/0863.jpg,button,paper,pen
button/0864.jpg,button,digital,stylus
button/0865.jpg,button,digital,stylus
button/0866.jpg,button,paper,pen
button/0867.jpg,button,paper,pencil
button/0868.jpg,button,digital,stylus
button/0869.jpg,button,paper,pencil
button/0870.jpg,button,digital,stylus
button/0871.jpg,button,digital,stylus
button/0872.jpg,button,digital,stylus
button/0873.jpg,button,digital,stylus
button/0874.jpg,button,digital,stylus
button/0875.jpg,button,digital,stylus
button/0876.jpg,button,digital,stylus
button/0877.jpg,button,digital,stylus
button/0878.jpg,button,digital,stylus
button/0879.jpg,button,paper,pen
button/0880.jpg,button,paper,pencil
button/1019.jpg,button,digital,stylus
button/1020.jpg,button,digital,stylus
button/1021.jpg,button,digital,stylus
button/1022.jpg,button,digital,stylus
button/1023.jpg,button,digital,stylus
button/1024.jpg,button,digital,stylus
button/1025.jpg,button,digital,stylus
button/1026.jpg,button,digital,stylus
button/1027.jpg,button,digital,finger
button/1028.jpg,button,digital,stylus
button/1029.jpg,button,digital,stylus
button/1030.jpg,button,digital,stylus
button/1031.jpg,button,digital,stylus
button/1032.jpg,button,digital,stylus
button/1033.jpg,button,digital,stylus
button/1034.jpg,button,digital,stylus
button/1035.jpg,button,digital,finger
button/1036.jpg,button,digital,stylus
button/1037.jpg,button,digital,stylus
button/1038.jpg,button,digital,stylus
button/1039.jpg,button,digital,stylus
button/1040.jpg,button,digital,stylus
button/1041.jpg,button,digital,stylus
button/1042.jpg,button,digital,stylus
button/1043.jpg,button,digital,stylus
button/1044.jpg,button,digital,stylus
button/1045.jpg,button,digital,stylus
button/1046.jpg,button,digital,stylus
button/1047.jpg,button,digital,stylus
button/1048.jpg,button,digital,stylus
button/1049.jpg,button,digital,stylus
button/1050.jpg,button,digital,stylus
button/1051.jpg,button,digital,stylus
button/1052.jpg,button,digital,stylus
button/1053.jpg,button,digital,stylus
button/1054.jpg,button,digital,stylus
button/1055.jpg,button,digital,finger
button/1056.jpg,button,digital,stylus
button/1057.jpg,button,digital,stylus
button/1058.jpg,button,digital,stylus
button/1059.jpg,button,digital,stylus
button/1060.jpg,button,digital,stylus
button/1061.jpg,button,digital,stylus
button/1062.jpg,button,digital,stylus
button/1063.jpg,button,digital,stylus
button/1064.jpg,button,digital,stylus
button/1065.jpg,button,digital,finger
button/1066.jpg,button,digital,stylus
button/1067.jpg,button,digital,mouse
button/1068.jpg,button,digital,stylus
button/1069.jpg,button,digital,stylus
button/1070.jpg,button,digital,stylus
button/1071.jpg,button,digital,stylus
button/1072.jpg,button,digital,stylus
button/1073.jpg,button,digital,stylus
button/1074.jpg,button,digital,stylus
button/1075.jpg,button,digital,stylus
button/1076.jpg,button,digital,finger
button/1077.jpg,button,digital,stylus
button/1078.jpg,button,digital,stylus
button/1079.jpg,button,digital,stylus
button/1080.jpg,button,digital,
button/1081.jpg,button,digital,stylus
button/1082.jpg,button,digital,stylus
button/1083.jpg,button,digital,stylus
button/1084.jpg,button,digital,stylus
button/1085.jpg,button,digital,stylus
button/1086.jpg,button,digital,finger
button/1087.jpg,button,digital,stylus
button/1088.jpg,button,digital,stylus
button/1089.jpg,button,digital,stylus
button/1090.jpg,button,digital,stylus
button/1091.jpg,button,digital,stylus
button/1092.jpg,button,digital,stylus
button/1093.jpg,button,digital,stylus
button/1094.jpg,button,digital,stylus
button/1095.jpg,button,digital,stylus
button/1096.jpg,button,digital,stylus
button/1097.jpg,button,digital,stylus
button/1098.jpg,button,digital,stylus
button/1099.jpg,button,digital,stylus
button/1100.jpg,button,digital,finger
button/1101.jpg,button,digital,stylus
button/1102.jpg,button,digital,mouse
button/1103.jpg,button,digital,stylus
button/1104.jpg,button,digital,stylus
button/1105.jpg,button,digital,stylus
button/1106.jpg,button,digital,stylus
button/1107.jpg,button,digital,stylus
button/1108.jpg,button,digital,stylus
button/1109.jpg,button,digital,stylus
button/1110.jpg,button,digital,stylus
button/1111.jpg,button,digital,stylus
button/1112.jpg,button,digital,stylus
button/1113.jpg,button,digital,stylus
button/1114.jpg,button,digital,stylus
button/1115.jpg,button,digital,stylus
button/1116.jpg,button,digital,stylus
button/1117.jpg,button,digital,stylus
button/1118.jpg,button,digital,stylus
button/1119.jpg,button,digital,stylus
button/1120.jpg,button,digital,mouse
button/1121.jpg,button,digital,stylus
button/1122.jpg,button,digital,stylus
button/1123.jpg,button,digital,stylus
button/1124.jpg,button,digital,stylus
button/1125.jpg,button,digital,stylus
button/1126.jpg,button,digital,stylus
button/1127.jpg,button,digital,stylus
button/1128.jpg,button,digital,stylus
button/1129.jpg,button,digital,stylus
button/1130.jpg,button,digital,stylus
button/1131.jpg,button,digital,stylus
button/1132.jpg,button,digital,stylus
button/1133.jpg,button,digital,stylus
button/1134.jpg,button,digital,stylus
button/1135.jpg,button,digital,stylus
button/1136.jpg,button,digital,stylus
button/1137.jpg,button,digital,stylus
button/1138.jpg,button,digital,stylus
button/1139.jpg,button,digital,finger
button/1140.jpg,button,digital,stylus
button/1141.jpg,button,digital,stylus
button/1142.jpg,button,digital,stylus
button/1143.jpg,button,digital,stylus
button/1144.jpg,button,digital,finger
button/1145.jpg,button,digital,stylus
button/1146.jpg,button,digital,mouse
button/1147.jpg,button,digital,stylus
button/1148.jpg,button,digital,stylus
button/1149.jpg,button,digital,stylus
button/1150.jpg,button,digital,stylus
button/1151.jpg,button,digital,mouse
button/1152.jpg,button,digital,stylus
button/1153.jpg,button,digital,stylus
button/1154.jpg,button,digital,stylus
button/1155.jpg,button,digital,stylus
button/1156.jpg,button,digital,stylus
